[
    {
        "model": "catalog.product",
        "pk": 1,
        "fields": {
            "category": 6,
            "price": "22834.00",
            "count": 3,
            "date": "2024-07-20T16:42:20.427Z",
            "title": "Двухкамерный холодильник Beko RCSK",
            "description": "Двухкамерный холодильник с нижним расположением морозильной камеры",
            "fullDescription": "Общие данные:\r\nРазмеры:\r\nвысота (см): 171\r\nширина (см): 54\r\nглубина (см): 60\r\nОбщий объем/ Полезный объем:\r\nХолодильника (л): 270/262\r\nХолодильной камеры (л): -/175\r\nМорозильной камеры (л): -/87\r\nТип управления: механический\r\nКласс энергопотребления: A\r\nКлиматический класс: SN-ST (от 10С до 38С)\r\nКоличество компрессоров: 1\r\nГодовое потребление энергии: 257 кВтч\r\nЦвет: белый\r\nХолодильное отделение:\r\nПолки из закаленного стекла\r\nДверные полки: 3\r\nСтатическая система охлаждения\r\nОтделение для овощей и фруктов\r\nПодставка для яиц: 1 (на 10 шт)",
            "freeDelivery": false,
            "rating": "4.25",
            "limited": false,
            "available": true
        }
    },
    {
        "model": "catalog.product",
        "pk": 2,
        "fields": {
            "category": 6,
            "price": "32660.00",
            "count": 8,
            "date": "2024-07-20T16:46:05.035Z",
            "title": "Двухкамерный холодильник Indesit ITR",
            "description": "Холодильник Indesit ITR 4180 W с системой охлаждения No Frost .",
            "fullDescription": "Холодильник Indesit ITR 4180 W с системой охлаждения No Frost стильное и практичное решение для вашей кухни. Благодаря компактным габаритам - глубина 64 см, ширина 60 см и высота 185 см и удобной возможности перенавесить двери, он подойдет для установки даже в небольших кухнях. Технология Total No Frost не требует размораживания морозилки и сдерживает образование неприятного запаха, а технология PushGo поможет при необходимости быстро снизить температуру в холодильном отделении. Общий полезный объем холодильника Indesit ITR 4180 W составляет 298 литров.\r\nОбщие данные:\r\nРазмеры:\r\nвысота (см): 185\r\nширина (см): 60\r\nглубина (см): 64\r\nОбщий объем/ Полезный объем:\r\nХолодильника (л): -/298\r\nХолодильной камеры (л): -/220\r\nМорозильной камеры (л): -/78\r\nТип управления: механический\r\nКласс энергопотребления: A\r\nКлиматический класс: N-ST (от 16 до 38 С)\r\nКоличество компрессоров: 1\r\nГодовое потребление энергии: 365 кВтч\r\nЦвет: белый\r\nХолодильное отделение:\r\nСверхпрочные полки из ударопрочного стекла (до 100 кг)\r\nСистема No Frost (Frost Free, Ноу Фрост)",
            "freeDelivery": false,
            "rating": "3.00",
            "limited": false,
            "available": true
        }
    },
    {
        "model": "catalog.product",
        "pk": 3,
        "fields": {
            "category": 6,
            "price": "29798.00",
            "count": 5,
            "date": "2024-07-20T16:48:04.408Z",
            "title": "Холодильник Beko B1RCSK312W белый",
            "description": "Отдельностоящий двухкамерный холодильник с нижним расположением морозильной камеры",
            "fullDescription": "Отдельностоящий двухкамерный холодильник с нижним расположением морозильной камеры\r\nОбщие данные:\r\nРазмеры:\r\nвысота (см): 184\r\nширина (см): 54\r\nглубина (см): 60\r\nОбщий объем/ Полезный объем:\r\nХолодильника (л): 310/300\r\nХолодильной камеры (л): -/213\r\nМорозильной камеры (л): -/87\r\nТип управления: механическое\r\nКласс энергопотребления: A\r\nКлиматический класс: SN-ST (от 10С до 38С)\r\nКоличество компрессоров: 1\r\nГодовое потребление энергии: 270 кВтч\r\nЦвет: белый\r\nХолодильное отделение:\r\n4 полки из закаленного стекла\r\n4 дверных полки\r\nСистема размораживания: капельное\r\nТемпература холодильной камеры min: 1 С\r\nТемпература холодильной камеры max: 8 С\r\nЯщик для овощей и фруктов\r\nМорозильное отделение:\r\nСистема размораживания: ручное\r\nТехнология автоматического размораживания морозильной камеры: MinFrost\r\nВремя сохранения температуры без электричества: 18 ч\r\nМощность замораживания: 5 кг/сутки\r\nТемпература морозильной камеры min: -27 С\r\nТемпература морозильной камеры max: -18 С\r\n3 ящика\r\nДополнительная информация:\r\nАнтибактериальное покрытие\r\nПеревешиваемые двери\r\nКоличество полок на дверце: 4\r\nМатериал дверей: металл\r\nИндикация отключения электропитания: визуальная\r\nАнтибактериальный уплотнитель дверей\r\nТехнология FreezerGuard, работа морозильной камеры при температуре до -5\r\nЧастота электросети: 50 Гц\r\nВходное напряжение (мин): 220 В\r\nВходное напряжение (макс): 240 В\r\nУровень шума: 39 дБ(А)\r\nХладагент: R600a\r\nВес: 56 кг\r\nЧитать дальше\r\nОбщие характеристики\r\nБренд\r\nBeko\r\nЦвет\r\nбелый\r\nМорозильная камера\r\nснизу\r\nТип управления\r\nэлектромеханическое\r\nРазмораживание морозильной камеры\r\nручное\r\nРазмораживание холодильной камеры\r\nкапельная система\r\nЭнергопотребление\r\n270 кВтч/год\r\nКласс энергопотребления\r\nA+\r\nТип компрессора\r\nстандартный\r\nКоличество компрессоров\r\n1\r\nУровень шума\r\n39 дБ",
            "freeDelivery": true,
            "rating": "2.75",
            "limited": false,
            "available": true
        }
    },
    {
        "model": "catalog.product",
        "pk": 4,
        "fields": {
            "category": 5,
            "price": "11266.00",
            "count": 33,
            "date": "2024-07-20T16:50:18.434Z",
            "title": "Смартфон realme C51 6/256 ГБ RU",
            "description": "Смартфон Realme C51 6GB/256GB - это устройство, которое сочетает в себе стиль, и функциональность",
            "fullDescription": "Смартфон Realme C51 6GB/256GB - это устройство, которое сочетает в себе стиль, функциональность и инновационные технологии. Он обладает блестящим дизайном, который выделяется на фоне других моделей, а его ультратонкий корпус толщиной всего 7.99 мм делает его удобным для использования в любое время. Этот смартфон оснащен дисплеем с частотой обновления 90 Гц и диагональю 17,13 см (6,74”), что обеспечивает четкое и яркое изображение. Кроме того, он имеет мини-капсулу и динамические уведомления, которые делают его еще более удобным в использовании. Одним из ключевых преимуществ является камера. AI камера 50 Мп с разрешением 50 Мп, объективом 5P, углом обзора 77°, апертурой f/1.8 и фокусным расстоянием 27 мм позволяет делать высококачественные фотографии и видео. Кроме того, он поддерживает запись видео с разрешением 1080P / 30 кадров в секунду, 720P / 30 кадров в секунду и 480P / 30 кадров в секунду. Смартфон также оснащен AI cелфи камерой с разрешением 5 Мп, объективом 3P, углом обзора 76,8° и апертурой f/2.22. Это позволяет делать отличные селфи и записывать видео с разрешением 720P / 30 кадров в секунду и 480P / 30 кадров в секунду. Realme C51 C51 6GB/256GB также обладает накопителем до 256 ГБ и 6 ГБ оперативной памяти, что позволяет хранить большое количество данных. Емкий аккумулятор 5000 мАч и зарядка SUPERVOOC 33 Вт обеспечивают долгую работу без подзарядки. Модель поддерживает две карты Nano SIM и имеет слот для карты microSD, а также оснащен беспроводной связью WiFi 2,4/5 ГГц, Bluetooth и NFC. Кроме того, он имеет магнитный датчик, датчик освещенности, датчик приближения, акселерометр и гироскоп. Смартфон работает на операционной системе realme UI T Edition на базе Android 13. В комплект поставки входят сам смартфон Realme C51, зарядное устройство 11В / 3A (33 Вт), кабель Type-C, защитный чехол, скрепка для извлечения лотка SIM карт, руководство пользователя и гарантийный талон.",
            "freeDelivery": true,
            "rating": "4.00",
            "limited": false,
            "available": true
        }
    },
    {
        "model": "catalog.product",
        "pk": 5,
        "fields": {
            "category": 5,
            "price": "16650.00",
            "count": 11,
            "date": "2024-07-20T16:52:17.021Z",
            "title": "Смартфон Tecno Pova 6 Neo 8+128 ГБ, черный",
            "description": "Tecno Pova 6 Neo: Технологичный, Игровой, Производительный!",
            "fullDescription": "Погрузитесь в мир инноваций с смартфоном Tecno Pova 6 Neo, который сочетает в себе передовые технологии, выдающуюся производительность и стильный дизайн.\r\nТехнические характеристики:\r\n- Ультратонкий корпус с мощным 7000 мАч аккумулятором и 33 Вт быстрой зарядкой\r\n- Выдающаяся выносливость с рекордным временем работы без подзарядки\r\n- Широкий выбор режимов зарядки для оптимизации энергопотребления\r\nИгровые возможности:\r\n- 6.8” FHD+ экран с частотой 120 Гц для погружения в игровой мир\r\n- Система звука DOLBY ATMOS для объемного иммерсивного звука\r\n- Сертификация PUBG и Tencent Lab для улучшенного игрового опыта\r\nПроизводительность:\r\n- Процессор MediaTek Helio G99 Ultimate для выдающейся производительности\r\n- Защита от пыли и влаги IP53 для надежной работы в различных условиях\r\n- Основная камера 50 Мп для ярких фото и видео\r\nСистема HiOS 14:\r\n- AI-шумоподавление во время звонка для чистого звука в любых условиях\r\n- Фронтальная камера 8 Мп с выбором тона подсветки для ярких и захватывающих снимков\r\n- Новые горизонты для искушенных фотографов с выбором неба\r\nТехнологичный дизайн, выдающаяся выносливость, игровые возможности, превосходная производительность и отличная камера делают Tecno Pova 6 Neo идеальным выбором для тех, кто ценит стиль, технологии и будущее!",
            "freeDelivery": false,
            "rating": "3.50",
            "limited": false,
            "available": true
        }
    },
    {
        "model": "catalog.product",
        "pk": 6,
        "fields": {
            "category": 6,
            "price": "31969.00",
            "count": 11,
            "date": "2024-07-20T16:54:19.342Z",
            "title": "Холодильник Stinol STS 200",
            "description": "Двухкамерный холодильник Stinol STS-200 предназначен для хранения продуктов и охлаждения напитков.",
            "fullDescription": "Общий объем данной модели составляет 363 литров. Удобное нижние расположение морозильной камеры. Размораживание морозильной камеры ручное, а холодильной-капельное. Дополнительная функция - перевешивание дверей.\r\nСтильный и современный холодильник Stinol STS-200 непременно станет украшением вашей кухни.\r\nОбщие характеристики\r\nБренд\r\nStinol\r\nЦвет\r\nбелый\r\nМорозильная камера\r\nснизу\r\nМатериал покрытия\r\nметалл, пластик, Пластик/металл, металл, пластик, пластик/металл, пластик/металл\r\nТип управления\r\nэлектромеханическое\r\nРазмораживание морозильной камеры\r\nручное\r\nРазмораживание холодильной камеры\r\nкапельная система\r\nЭнергопотребление\r\n496 кВтч/год\r\nКласс энергопотребления\r\nB\r\nТип компрессора\r\nстандартный\r\nКоличество компрессоров\r\n1\r\nУровень шума\r\n40 дБ\r\nУправление со смартфона\r\nнет",
            "freeDelivery": false,
            "rating": "4.00",
            "limited": true,
            "available": true
        }
    },
    {
        "model": "catalog.product",
        "pk": 7,
        "fields": {
            "category": 6,
            "price": "34018.00",
            "count": 34,
            "date": "2024-07-20T17:22:36.874Z",
            "title": "Холодильник Atlant ХМ 4010-022",
            "description": "Холодильник ATLANT XM 4010-022 серии Soft line - компактная двухкамерная модель",
            "fullDescription": "Холодильник ATLANT XM 4010-022 серии Soft line - компактная двухкамерная модель с функцией быстрой заморозки.\r\nКомпактному холодильнику найдётся место даже в небольшом загородном доме. Обладает достаточныйм полезным объемом камер (264 л). Функция быстрой заморозки позволит быстро, без потери вкусовых и питательных качеств заморозить большие порции ягод, овощей или грибов. Степень охлаждения продуктов регулируется механическим переключателем.\r\nБлагодаря классу энергопотребления \"А\" не придётся беспокоиться о том, что использование этого холодильника сильно повлияет на счета за электричество: ATLANT XM 4010-022 расходует энергию очень экономно.\r\nЭту скромную практичную модель иногда придётся размораживать. В холодильной камере предусмотрена капельная система оттаивания испарителя, а морозильная камера требует ручной разморозки.",
            "freeDelivery": true,
            "rating": "4.50",
            "limited": false,
            "available": true
        }
    },
    {
        "model": "catalog.product",
        "pk": 8,
        "fields": {
            "category": 5,
            "price": "9489.00",
            "count": 67,
            "date": "2024-07-20T17:24:24.648Z",
            "title": "Защищенный смартфон FPlus R570E",
            "description": "Защищенный смартфон Fplus R570 – это надежный и функциональный мобильный телефон",
            "fullDescription": "Защищенный смартфон Fplus R570 – это надежный и функциональный мобильный телефон, который идеально подойдет как для взрослых, так и для детей. Работая на платформе Android 13, устройство предлагает пользователю широкий спектр возможностей и доступ к тысячам приложений через Google Play.\r\nЭтот смартфон отличается не только высокой производительностью, благодаря процессору MediaTek, но также и большой вместимостью памяти (64 Гб) , что позволяет хранить множество фотографий, видео и приложений без необходимости постоянного освобождения места.\r\nFplus R570 оснащен мощным аккумулятором, что обеспечивает длительное время работы без подзарядки, идеальное для тех, кто часто находится в движении или использует смартфон целый день.\r\nОсобое внимание заслуживает противоударная и водостойкая конструкция телефона класса IP68, которая защитит его от случайных падений и механических повреждений, что делает его отличным выбором как для взрослых, ведущих активный образ жизни, работающих на сложных производствах, стройках, так и для школьников, которым требуется прочный и надежный гаджет для повседневного использования.\r\nБюджетный смартфон Fplus R570 сочетает в себе высокое качество сборки и доступную цену, предоставляя пользователям прекрасную возможность наслаждаться всеми преимуществами современных технологий без значительных затрат. Этот защищенный смартфон станет отличным выбором для детей и школьников, обеспечивая родителям уверенность в его долговечности и устойчивости к внешним воздействиям.\r\nБлагодаря функциональности и качественной сборке, Fplus R570 является идеальным вариантом как в качестве первого мобильного телефона для ребенка, так и для тех, кто ищет доступный и надежный смартфон на повседневное использование.\r\nУдаропрочный и защищенный смартфон станет отличным спутником для любителей активного отдыха и путешествий, не боящихся вывихнуть или повредить свое устройство. Если вы стремитесь обеспечить надежность и долговечность при выборе подходящего мобильного телефона, смартфон Fplus R570 станет вашим незаменимым помощником в повседневной жизни и порадует устойчивостью ко всем внешним воздействиям.",
            "freeDelivery": true,
            "rating": "4.25",
            "limited": false,
            "available": true
        }
    },
    {
        "model": "catalog.product",
        "pk": 9,
        "fields": {
            "category": 5,
            "price": "9247.00",
            "count": 2,
            "date": "2024-07-20T17:26:29.874Z",
            "title": "Смартфон TECNO Spark Go 2024 3+64GB Черный",
            "description": "Любимые фильмы и ТВ-шоу в новом формате",
            "fullDescription": "В новом смартфоне установлен широкий и прочный экран, который занимает 90,5%\r\nплощади корпуса, что редкость в данном сегменте. Экран дополненный\r\nстереодинамиками добавляет эффект погружения в любимый контент или игры.\r\nОтличный выбор для активных детей и подростков.\r\n- Экран 6,6”\r\n- Частота обновления 90 Гц\r\n- Прочность стекла 8H\r\n- Стереодинамики с системой DTS LISTEN\r\nБудьте на связи\r\nСмартфон оснащен энергоемким аккумулятором и возможностью быстро\r\nвосстановить его ресурс. Теперь ваши близкие всегда будут на связи.\r\n- Аккумулятор 5000 мАч\r\n- Зарядка Type-C 10 Вт\r\nЕще больше памяти\r\nКак насчет размера хранилища, которому позавидуют флагманы, и увеличенному\r\nвдвое объему оперативной памяти?\r\n- Объем физической памяти 1Тб (Расширение за счет слота карты памяти MicroSD)\r\n- Объем оперативной памяти 3 ГБ (С возможностью виртуального расширения еще на\r\n6 Гб)\r\n- Функция System Slimming для глубокой очистки памяти\r\nЯркий дизайн\r\nСмартфон представлен в двух вариантах дизайна: переливающийся разными цветами\r\nи приятный на ощупь композитный материал в тонком корпусе 8,55 мм, а также\r\nэлегантный и стильный вариант из экокожи в корпусе 8,75 мм.",
            "freeDelivery": false,
            "rating": "3.75",
            "limited": true,
            "available": true
        }
    },
    {
        "model": "catalog.product",
        "pk": 10,
        "fields": {
            "category": 5,
            "price": "10949.00",
            "count": 24,
            "date": "2024-07-20T17:27:55.214Z",
            "title": "Смартфон Samsung Galaxy A15 4G 4/128 ГБ",
            "description": "Смартфон Samsung Galaxy A15 4G - это современное устройство",
            "fullDescription": "Смартфон Samsung Galaxy A15 4G - это современное устройство, которое сочетает в себе передовые технологии и стильный дизайн.\r\nСмартфон оснащен мощным процессором MediaTek Helio G99 с частотой 2200 МГц и 8 ядрами, что обеспечивает высокую производительность и быстродействие.\r\nУстройство оснащено 6.5-дюймовым AMOLED экраном с разрешением 2340×1080 пикселей и частотой обновления 90 Гц. Это обеспечивает яркую и четкую картинку, а также плавную анимацию.\r\nСмартфон поддерживает работу с двумя nano SIM-картами, что позволяет использовать два номера на одном устройстве.\r\nGalaxy A15 4G оснащен тройной основной камерой с разрешением 50 МП, 5 МП и 2 МП. Фронтальная камера имеет разрешение 13 МП.\r\nСмартфон поддерживает беспроводные интерфейсы NFC, Bluetooth, Wi-Fi, а также навигационные системы GPS, Galileo, ГЛОНАСС, QZSS, BeiDou.\r\nЕмкость аккумулятора составляет 5000 мА⋅ч, что обеспечивает продолжительное время работы устройства.\r\nСмартфон работает на операционной системе Android 14 и оснащен сканером отпечатка пальца сбоку для аутентификации.\r\nКорпус смартфона выполнен из пластика, а его размеры составляют 160.1 х 76.8 х 8.4 мм, а вес - 200 г.\r\nВ целом, Samsung Galaxy A15 4G - это надежный и функциональный смартфон, который станет отличным выбором для тех, кто ценит качество и производительность.",
            "freeDelivery": true,
            "rating": "4.50",
            "limited": false,
            "available": true
        }
    },
    {
        "model": "catalog.product",
        "pk": 11,
        "fields": {
            "category": 4,
            "price": "26450.00",
            "count": 45,
            "date": "2024-07-20T17:30:17.211Z",
            "title": "15.6\" Ноутбук UOHUO Lightbook, Intel Celeron",
            "description": "Внимание! Каждому покупателю - чехол и мышка в подарок!",
            "fullDescription": "Представляем вашему вниманию новый ноутбук UOHUO Lightbook - Легкий корпус, яркий дисплей, а внутри 4х ядерный процессор Intel Celeron для высокой производительности - все это позволяет комфортно работать и отдыхать дома, а так же брать ноутбук с собой в поездки\r\nВес в 1.2 кг и компактные размеры ноутбука и блока питания позволят легко носить его с собой\r\nЧетырехядерный процессор Intel Celeron J4125 позволит с легкостью справляться со всеми задачами различной сложности\r\nЯркий 15.6\" FullHD экран с высоким разрешением 1920x1080 на качественной IPS матрице подарит вам незабываемое впечатление от изображения, а высокая яркость позволит использовать ноутбук вне дома на солнце\r\n12 гигабайт оперативной и 512 физической памяти на высокоскоростном SSD накопителе M.2 формата обеспечат мгновенную загрузку устройства и возможность держать множество задач одновременно",
            "freeDelivery": false,
            "rating": "4.25",
            "limited": true,
            "available": true
        }
    },
    {
        "model": "catalog.product",
        "pk": 12,
        "fields": {
            "category": 4,
            "price": "27564.00",
            "count": 42,
            "date": "2024-07-20T17:31:48.217Z",
            "title": "Ноутбук Echips Max 17.3\" 1920x1080 IPS",
            "description": "Быстрый и стильный ноутбук",
            "fullDescription": "Echips Max для тех, кто хочет получить высокую производительность. Работает от батарейки почти весь рабочий день. Экран с FHD разрешением. Поставляется с Windows.\r\nОбщие характеристики\r\nБренд\r\nEchips\r\nТип\r\nтрансформер\r\nОперационная система\r\nWindows 11 Home\r\nПроцессор\r\nIntel N100\r\nЛинейка процессора\r\nIntel N\r\nКоличество ядер процессора\r\n4\r\nЯдро процессора\r\nAlder Lake\r\nОперативная память\r\n8 ГБ\r\nТип памяти\r\nDDR5\r\nДиагональ экрана\r\n17.3 \"\r\nРазрешение экрана\r\n1920x1080\r\nЧастота обновления экрана\r\n60 Гц\r\nТип покрытия экрана\r\nматовый\r\nТип матрицы экрана\r\nIPS\r\nБеспроводные интерфейсы\r\nBluetooth, Wi-Fi\r\nСтандарт Wi-Fi 802.11\r\n802.11 b/g/n/ac/ax\r\nВерсия Bluetooth\r\n5.2\r\nИнтерфейсы\r\nEthernet - RJ-45, USB 2.0 Type A, USB 3.0 Type A, USB 3.0 Type-С x 2, выход HDMI, микрофон/наушники Combo\r\nВидеокарта\r\nIntel UHD Graphics\r\nТип видеокарты\r\nвстроенная\r\nОбъем видеопамяти\r\nSMA",
            "freeDelivery": true,
            "rating": "3.75",
            "limited": false,
            "available": true
        }
    },
    {
        "model": "catalog.product",
        "pk": 13,
        "fields": {
            "category": 4,
            "price": "37332.00",
            "count": 3,
            "date": "2024-07-20T17:33:38.555Z",
            "title": "Ноутбук Lenovo ThinkPad T480 - 14 дюймов",
            "description": "Ноутбук Lenovo ThinkPad T480 - мощный и надежный помощник для бизнеса и работы.",
            "fullDescription": "Мощный процессор Intel Core i5 8250U и быстродействующие модули оперативной памяти обеспечивают высокую производительность и быстрое выполнение задач.\r\n14-дюймовый дисплей с разрешением 1366x768 пикселей и TN матрицей обеспечивает четкое и яркое изображение.\r\nНоутбук Lenovo ThinkPad T480 оснащен операционной системой Windows 11, которая обеспечивает удобство и функциональность в работе.\r\nБеспроводные интерфейсы Bluetooth и Wi-Fi позволяют подключаться к интернету и другим устройствам без проводов.\r\nОбъем накопителя SSD составляет 256 ГБ, что позволяет хранить большое количество данных и файлов.\r\nНоутбук имеет компактные размеры (длина - 230 мм, ширина - 330 мм, толщина - 23 мм) и легкий вес (1,53 кг), что делает его удобным для переноски и использования в дороге.\r\nНоутбук Lenovo ThinkPad T480 имеет русскую раскладку клавиатуры, что облегчает работу с ним для русскоязычных пользователей.\r\nВремя автономной работы составляет до 6 часов, что позволяет работать без подключения к сети.\r\nВ целом, ноутбук Lenovo ThinkPad T480 - это надежный, мощный и функциональный помощник для работы и бизнеса, который сочетает в себе качество, производительность и удобство использования.",
            "freeDelivery": true,
            "rating": "4.00",
            "limited": true,
            "available": true
        }
    },
    {
        "model": "catalog.product",
        "pk": 14,
        "fields": {
            "category": 4,
            "price": "19944.00",
            "count": 199,
            "date": "2024-07-20T17:36:07.510Z",
            "title": "Ноутбук Irbis 15NBC1013 Intel Celeron N4020",
            "description": "ноутбук",
            "fullDescription": "Бренд\r\nIrbis\r\nТип\r\nноутбук\r\nОперационная система\r\nWindows Pro\r\nПроцессор\r\nIntel Celeron N4020\r\nКоличество ядер процессора\r\n151518\r\nОперативная память\r\n8 ГБ\r\nТип памяти\r\n151518\r\nЧастота памяти\r\n151518\r\nДиагональ экрана\r\n15.6 \"\r\nРазрешение экрана\r\n1920x1080\r\nТип покрытия экрана\r\n151518\r\nТип матрицы экрана\r\nIPS\r\nВидеокарта\r\nIntel UHD Graphics\r\nТип видеокарты\r\n151518\r\nОбъем видеопамяти\r\n151518\r\nОбщий объем накопителей SSD\r\n128 ГБ\r\nОптический привод\r\n151518\r\nВес\r\n1.57 кг",
            "freeDelivery": false,
            "rating": "5.00",
            "limited": false,
            "available": true
        }
    },
    {
        "model": "catalog.product",
        "pk": 15,
        "fields": {
            "category": 4,
            "price": "4935.00",
            "count": 1,
            "date": "2024-07-20T17:38:57.618Z",
            "title": "Нетбук Samsung NP-N102S-B03RU 10,1\"",
            "description": "Раньше принадлежал другому человеку.",
            "fullDescription": "Нетбук Samsung NP-N102S-B03RU бывший в употреблении. Износ АКБ, работет тольк от сети. В остальном полностью исправен. Внимание! Для фильмов онлайн не подойдёт. Подойдёт для работы с текстом, интернета, диагностики автомобиля и других не требовательных к ресурсам задач.\r\nдиагональ экрана 10,1\r\nпроцессор Intel Atom N2100\r\nоперативная память 2ГБ\r\nжёсткий диск 320 ГБ\r\nможно вернуть в течение 7 дней",
            "freeDelivery": true,
            "rating": "4.00",
            "limited": false,
            "available": true
        }
    },
    {
        "model": "catalog.product",
        "pk": 16,
        "fields": {
            "category": 7,
            "price": "10246.00",
            "count": 40,
            "date": "2024-08-27T16:55:53.166Z",
            "title": "Пылесос для дома с контейнером",
            "description": "Пылесос для дома с контейнером мощный 4л, 2800 Вт бытовой, проводной",
            "fullDescription": "Пылесос для дома – это высокоэффективное устройство, созданное для максимального упрощения процесса уборки. Этот пылесос отличается мощностью в 2800 Вт, что обеспечивает невероятно высокую мощность всасывания до 200 кПа. Вместительность пылесборника составляет 4 литра, что позволяет проводить длительные уборки без необходимости частой очистки контейнера.\r\n\r\nВ комплект пылесоса для дома входят два вида насадок: для пола и для ковров/диванов. Телескопическая трубка и шланг позволяют добраться до самых труднодоступных мест, обеспечивая полную очистку помещения. Несмотря на свою мощность, пылесос отличается очень низким уровнем шума, так что уборка больше не будет сопровождаться неприятным гулом.",
            "freeDelivery": true,
            "rating": "0.00",
            "limited": true,
            "available": true
        }
    },
    {
        "model": "catalog.product",
        "pk": 17,
        "fields": {
            "category": 7,
            "price": "6039.00",
            "count": 14,
            "date": "2024-08-27T16:57:52.697Z",
            "title": "Пылесос для дома с контейнером B&P",
            "description": "Пылесос для дома с контейнером мощный 1.5л, 3200 Вт B&P",
            "fullDescription": "Пылесос для дома, щелевая насадка, универсальная насадка ковер/пол",
            "freeDelivery": false,
            "rating": "0.00",
            "limited": false,
            "available": true
        }
    },
    {
        "model": "catalog.product",
        "pk": 18,
        "fields": {
            "category": 7,
            "price": "4419.00",
            "count": 17,
            "date": "2024-08-27T16:59:36.368Z",
            "title": "Пылесос Ginzzu VS437 c двумя HEPA фильтрами",
            "description": "Пылесос Ginzzu VS437 синий, 2400Вт c двумя моющимися HEPA фильтрами и регулятором мощности",
            "fullDescription": "Бытовой пылесос VS437 c vощностю двигателя 2400Вт совмещается в себе вместительность, компактный дизайн и большую силу всасывания - 420Вт\r\n\r\nЛегко очищающийся циклонный фильтр\r\n\r\nОбъем пылесборника - 2.5 литра\r\n\r\nЭлектронный индикатор заполнения пылесборника\r\n\r\nМеталлическая Телескопическая трубка\r\n\r\nОбрезиненные колеса - не царапают пол\r\n\r\nМеталлическая щетка - прочная и долговечная\r\n\r\nмоющиеся HEPA фильтры на входе и выходе гарантируют чистоту выходящего воздуха\r\n\r\nРегулятор мощности позволяет устанавливать мощность всасывания необходимую для комфортной работы с каждым видом покрытия",
            "freeDelivery": false,
            "rating": "0.00",
            "limited": true,
            "available": true
        }
    },
    {
        "model": "catalog.product",
        "pk": 19,
        "fields": {
            "category": 9,
            "price": "267290.00",
            "count": 4,
            "date": "2024-08-27T17:10:10.977Z",
            "title": "Фотоаппарат Sony Alpha a7 IV Body",
            "description": "Беззеркальный фотоаппарат Sony Alpha a7 IV Body",
            "fullDescription": "Приготовьтесь обрести вдохновение. Реалистичное разрешение α7 IV и невероятная автофокусировка на базе ИИ в дополнении современных технологий мирового уровня по обработке изображений. \r\n\r\nНовейшая полнокадровая CMOS-матрица 33 МП с тыловой подсветкой Новая CMOS-матрица Exmor R  α7 IV на 33,0 МП предлагает быстрое считывание, высокую чувствительность, низкий уровень шума и точную цветопередачу, обеспечивая выдающуюся производительность и превосходное качество изображения фото- и видеосъемки.  Передовая обработка изображений с BIONZ XR α7 IV использует новейший процессор обработки изображений, который предлагает повышенную производительность, лучшее качество и цветопередачу. Высокая скорость обработки позволяет уверенно вести серийную съемку, а также получать отклик при передаче данных.",
            "freeDelivery": true,
            "rating": "0.00",
            "limited": true,
            "available": true
        }
    },
    {
        "model": "catalog.product",
        "pk": 20,
        "fields": {
            "category": 9,
            "price": "10801.00",
            "count": 17,
            "date": "2024-08-27T17:11:31.712Z",
            "title": "Фотоаппарат Fujifilm Mini 12, розовый",
            "description": "Фотоаппарат мгновенной печати Fujifilm Mini 12, розовый",
            "fullDescription": "Фотоаппарат моментальной печати",
            "freeDelivery": false,
            "rating": "0.00",
            "limited": false,
            "available": true
        }
    },
    {
        "model": "catalog.product",
        "pk": 21,
        "fields": {
            "category": 9,
            "price": "8808.00",
            "count": 50,
            "date": "2024-08-27T17:12:46.175Z",
            "title": "Экшн-камера 5K и 4K с картой памяти 256 ГБ",
            "description": "Экшн-камера 5K и 4K с картой памяти 256 ГБ",
            "fullDescription": "Экшн камера с разрешением съемки 5K от Gerumi позволит вам запечатлеть ярчайшие моменты отдыха в высочайшем качестве. Вы можете записывать видео в формате 5K c 30 fps и в формате 4K с 60 fps. Также доступны форматы съемки Full HD 1080p (до 60 fps) и HD 720p (до 120 fps). Кроме того, экшн-камера предлагает такие режимы съемки, как: замедленная съемка (Slow motion), интервальное фото, таймлапс фото и видео, циклическая запись, серийная съемка.  В комплекте с камерой экшн идет microSD карта памяти объемом 256 ГБ со скоростью передачи данных 30 МБ/сек, что позволит вам молниеносно передавать заснятый контент на ПК, ноутбук или другие устройства с помощью Type-C – USB провода в комплекте. Аккумулятор ёмкостью 1050 мА часов поддерживает работу экшн камеры на протяжении 90 минут.",
            "freeDelivery": false,
            "rating": "0.00",
            "limited": true,
            "available": true
        }
    },
    {
        "model": "catalog.productimage",
        "pk": 3,
        "fields": {
            "product": 3,
            "src": "products/product_3/images/beko.webp",
            "alt": "Beko B1RCSK312W"
        }
    },
    {
        "model": "catalog.productimage",
        "pk": 4,
        "fields": {
            "product": 4,
            "src": "products/product_4/images/C51.webp",
            "alt": "realme C51"
        }
    },
    {
        "model": "catalog.productimage",
        "pk": 5,
        "fields": {
            "product": 5,
            "src": "products/product_5/images/pova6.webp",
            "alt": "Tecno Pova 6 Neo"
        }
    },
    {
        "model": "catalog.productimage",
        "pk": 8,
        "fields": {
            "product": 8,
            "src": "products/product_8/images/R570E.webp",
            "alt": "FPlus R570E"
        }
    },
    {
        "model": "catalog.productimage",
        "pk": 9,
        "fields": {
            "product": 9,
            "src": "products/product_9/images/Spark_Go_2024.webp",
            "alt": "TECNO Spark Go"
        }
    },
    {
        "model": "catalog.productimage",
        "pk": 12,
        "fields": {
            "product": 13,
            "src": "products/product_13/images/ThinkPad.webp",
            "alt": "Lenovo ThinkPad T480"
        }
    },
    {
        "model": "catalog.productimage",
        "pk": 14,
        "fields": {
            "product": 14,
            "src": "products/product_14/images/15NBC1013.webp",
            "alt": "Irbis 15NBC1013"
        }
    },
    {
        "model": "catalog.productimage",
        "pk": 18,
        "fields": {
            "product": 7,
            "src": "products/product_7/images/atlant.jpg",
            "alt": ""
        }
    },
    {
        "model": "catalog.productimage",
        "pk": 19,
        "fields": {
            "product": 10,
            "src": "products/product_10/images/galaxy.jpg",
            "alt": ""
        }
    },
    {
        "model": "catalog.productimage",
        "pk": 20,
        "fields": {
            "product": 1,
            "src": "products/product_1/images/beko.jpg",
            "alt": ""
        }
    },
    {
        "model": "catalog.productimage",
        "pk": 21,
        "fields": {
            "product": 1,
            "src": "products/product_1/images/beko2.webp",
            "alt": ""
        }
    },
    {
        "model": "catalog.productimage",
        "pk": 22,
        "fields": {
            "product": 1,
            "src": "products/product_1/images/beko3.webp",
            "alt": ""
        }
    },
    {
        "model": "catalog.productimage",
        "pk": 23,
        "fields": {
            "product": 1,
            "src": "products/product_1/images/beko.webp",
            "alt": ""
        }
    },
    {
        "model": "catalog.productimage",
        "pk": 24,
        "fields": {
            "product": 11,
            "src": "products/product_11/images/uoho.webp",
            "alt": ""
        }
    },
    {
        "model": "catalog.productimage",
        "pk": 26,
        "fields": {
            "product": 15,
            "src": "products/product_15/images/Samsung_DPw33QD.webp",
            "alt": ""
        }
    },
    {
        "model": "catalog.productimage",
        "pk": 27,
        "fields": {
            "product": 12,
            "src": "products/product_12/images/echips.jpg",
            "alt": ""
        }
    },
    {
        "model": "catalog.productimage",
        "pk": 28,
        "fields": {
            "product": 6,
            "src": "products/product_6/images/stinol.webp",
            "alt": ""
        }
    },
    {
        "model": "catalog.productimage",
        "pk": 29,
        "fields": {
            "product": 2,
            "src": "products/product_2/images/indesit.webp",
            "alt": ""
        }
    },
    {
        "model": "catalog.productimage",
        "pk": 30,
        "fields": {
            "product": 16,
            "src": "products/product_16/images/vacuum.webp",
            "alt": ""
        }
    },
    {
        "model": "catalog.productimage",
        "pk": 31,
        "fields": {
            "product": 17,
            "src": "products/product_17/images/7074952438.webp",
            "alt": ""
        }
    },
    {
        "model": "catalog.productimage",
        "pk": 32,
        "fields": {
            "product": 18,
            "src": "products/product_18/images/6790282337.webp",
            "alt": ""
        }
    },
    {
        "model": "catalog.productimage",
        "pk": 33,
        "fields": {
            "product": 19,
            "src": "products/product_19/images/6283147453.webp",
            "alt": ""
        }
    },
    {
        "model": "catalog.productimage",
        "pk": 34,
        "fields": {
            "product": 20,
            "src": "products/product_20/images/6687099639.webp",
            "alt": ""
        }
    },
    {
        "model": "catalog.productimage",
        "pk": 35,
        "fields": {
            "product": 21,
            "src": "products/product_21/images/7101481519.webp",
            "alt": ""
        }
    },
    {
        "model": "catalog.sale",
        "pk": 1,
        "fields": {
            "product": 6,
            "salePrice": "25000.00",
            "dateFrom": "2024-08-27",
            "dateTo": "2024-09-30"
        }
    },
    {
        "model": "catalog.sale",
        "pk": 2,
        "fields": {
            "product": 2,
            "salePrice": "28500.00",
            "dateFrom": "2024-08-27",
            "dateTo": "2024-10-07"
        }
    },
    {
        "model": "catalog.sale",
        "pk": 3,
        "fields": {
            "product": 7,
            "salePrice": "30000.00",
            "dateFrom": "2024-08-27",
            "dateTo": "2024-10-14"
        }
    },
    {
        "model": "catalog.sale",
        "pk": 4,
        "fields": {
            "product": 13,
            "salePrice": "35000.00",
            "dateFrom": "2024-08-27",
            "dateTo": "2024-10-21"
        }
    },
    {
        "model": "catalog.sale",
        "pk": 5,
        "fields": {
            "product": 1,
            "salePrice": "21000.00",
            "dateFrom": "2024-08-27",
            "dateTo": "2024-10-22"
        }
    },
    {
        "model": "catalog.sale",
        "pk": 6,
        "fields": {
            "product": 11,
            "salePrice": "24000.00",
            "dateFrom": "2024-08-27",
            "dateTo": "2024-10-25"
        }
    },
    {
        "model": "catalog.sale",
        "pk": 7,
        "fields": {
            "product": 12,
            "salePrice": "23500.00",
            "dateFrom": "2024-08-27",
            "dateTo": "2024-10-02"
        }
    },
    {
        "model": "catalog.sale",
        "pk": 8,
        "fields": {
            "product": 3,
            "salePrice": "25700.00",
            "dateFrom": "2024-08-27",
            "dateTo": "2024-10-17"
        }
    },
    {
        "model": "catalog.banner",
        "pk": 1,
        "fields": {
            "sale": 1,
            "titul": "Холодильник по лучшей цене"
        }
    },
    {
        "model": "catalog.banner",
        "pk": 2,
        "fields": {
            "sale": 4,
            "titul": "Новинка от Lenovo"
        }
    },
    {
        "model": "catalog.banner",
        "pk": 3,
        "fields": {
            "sale": 7,
            "titul": "Ноутбук с прекрасным экраном"
        }
    }
]